Service,cost,percentage
Amazon EC2,7097.435585763041,47.31623723842027
Amazon S3,3266.405787338632,21.776038582257545
Amazon RDS,2692.910524177748,17.952736827851652
AWS Lambda,1200.0966204470467,8.000644136313644
Amazon CloudWatch,880.1198929383349,5.867465952922233
Amazon VPC,543.1846584227642,3.6212310561517613
